team,feedback_score
Data Science,3.3846153846153846
Design,2.875
Engineering,2.375
Marketing,2.7142857142857144
Product,3.5833333333333335
